{
  "by_country": {
    "USA": {
      "count": 52048,
      "length_km": 676526.8100000245
    },
    "Canada": {
      "count": 15488,
      "length_km": 147183.36999999452
    }
  },
  "by_voltage": {
    "230kV": 10412,
    "345kV": 2648,
    "275kV": 3,
    "245kV": 1,
    "500kV": 1442,
    "765kV": 48,
    "450kV": 13,
    "250kV": 1,
    "400kV": 1,
    "348kV": 4,
    "232kV": 2,
    "287kV": 24,
    "1000kV": 1,
    "240kV": 613,
    "238kV": 2,
    "115kV": 22182,
    "138kV": 16312,
    "120kV": 1727,
    "161kV": 4883,
    "132kV": 37,
    "169kV": 1,
    "134kV": 1,
    "135kV": 3,
    "128kV": 9,
    "130kV": 12,
    "220kV": 23,
    "200kV": 8,
    "100kV": 1903,
    "114kV": 1,
    "110kV": 41,
    "315kV": 757,
    "360kV": 8,
    "735kV": 336,
    "66kV": 353,
    "69kV": 1547,
    "44kV": 795,
    "46kV": 41,
    "49kV": 115,
    "25kV": 276,
    "72kV": 262,
    "280kV": 5,
    "260kV": 1,
    "27kV": 46,
    "144kV": 468,
    "34kV": 92,
    "24kV": 13,
    "42kV": 1,
    "63kV": 18,
    "28kV": 1,
    "23kV": 1,
    "350kV": 14,
    "Unknown": 3,
    "35kV": 24,
    "60kV": 1
  },
  "total_length_km": 823710.1800000697
}